Pressure (psig),Time (s),Ma init (g),Mb init (g),Ma final (g),Mb final (g)
31,16.001508,890.3,471.76,470.31,891.2
40,15.005575,894.7,469.24,467.61,892.0
50,12.001331,900.5,467.09,465.52,897.5
60,11.002057,887.4,465.27,463.53,885.2
70,8.5,882.3,460.71,459.18,880.4
80,8,898.4,451.29,449.58,895.2
90,7.005225,904.2,459.84,457.78,897.8
