Pressure (psig),Time (s),Ma init (g),Mb init (g),Ma final (g),Mb final (g)
28,30.002740,1110.3,448.60,1104.5,446.63
39,20.005719,1103.1,445.71,1098.4,444.04
48,13.004902,1107.8,433.12,1104.1,431.86
59,11.005337,1104.4,432.17,1100.8,430.90
73,8.508554,1101.0,430.92,1097.6,429.78
80,7.508511,1097.0,429.18,1093.7,428.13
90,7.305195,1094.0,428.16,1090.0,426.85
